{
  "Maharashtra": 112374333,
  "Gujarat": 60439692,
  "Delhi": 16787941,
  "Rajasthan": 68548437,
  "Tamil Nadu": 72147030,
  "Madhya Pradesh": 72626809,
  "Uttar Pradesh": 199812342,
  "Telangana": 35003674,
  "Andhra Pradesh": 49577103,
  "Kerala": 33406061,
  "Karnataka": 61095297,
  "West Bengal": 91276115,
  "Jammu and Kashmir": 12267032,
  "Haryana": 25351462,
  "Punjab": 27743338,
  "Bihar": 104099452,
  "Odisha": 41974219,
  "Jharkhand": 32988134,
  "Uttarakhand": 10086292,
  "Himachal Pradesh": 6864602,
  "Chhattisgarh": 1055450,
  "Assam": 31205576,
  "Chandigarh": 25545198,
  "Ladakh": 274000,
  "Andaman and Nicobar Islands": 380581,
  "Meghalaya": 2966889,
  "Goa": 1458545,
  "Puducherry": 1247953,
  "Manipur": 2570390,
  "Tripura": 3673917,
  "Arunachal Pradesh": 13383727,
  "Mizoram": 1097206,
  "Sikkim": 610577,
  "Nagaland": 1978502,
  "Lakshadweep": 64473,
  "Dadra and Nagar Haveli": 343709,
  "Daman and Diu": 242911,
  "Total": 1210569573
}